PLZ;Ort;URL;Suchbegriff;# organisch;# Orte;Sterne J/N;Orte / PLZ zusammenfassen?;Datum;Kommentar
12589;Berlin-Rahnsdorf;https://www.lpe.de/baufinanzierung-12589-berlin-rahnsdorf/;Baufinanzierung Rahnsdorf;;;N;;46087;
12589;Berlin-Rahnsdorf;https://www.lpe.de/versicherungsmakler-12589-berlin-rahnsdorf/;Versicherungsmakler Rahnsdorf;1;1;N;;46087;
12589;Berlin-Wilhelmshagen;https://www.lpe.de/baufinanzierung-12589-berlin-wilhelmshagen/;Baufinanzierung Wilhelmshagen;;;N;;46087;
12589;Berlin-Wilhelmshagen;https://www.lpe.de/versicherungsmakler-12589-berlin-wilhelmshagen/;Versicherungsmakler Wilhelmshagen;;;N;;46087;
12589;Hessenwinkel;https://www.lpe.de/baufinanzierung-12589-hessenwinkel/;Baufinanzierung Hessenwinkel;1;;N;;46087;
12589;Hessenwinkel;https://www.lpe.de/versicherungsmakler-12589-hessenwinkel/;Versicherungsmakler Hessenwinkel;;;N;;46087;
12623;Berlin-Mahlsdorf;https://www.lpe.de/baufinanzierung-12623-berlin-mahlsdorf/;Baufinanzierung Mahlsdorf;1;49;N;;46003;
12623;Berlin-Mahlsdorf;https://www.lpe.de/versicherungsmakler-12623-berlin-mahlsdorf/;Versicherungsmakler Mahlsdorf;1;29;N;;46003;
15344;Strausberg;https://www.lpe.de/baufinanzierung-15344-strausberg/;Baufinanzierung Strausberg;6;x;;;46009;
15344;Strausberg;https://www.lpe.de/versicherungsmakler-15344-strausberg/;Versicherungsmakler Strausberg;1;x;;;46009;
15345;Altlandsberg;https://www.lpe.de/baufinanzierung-15345-altlandsberg/;Baufinanzierung Altlandsberg;;;;;;
15345;Altlandsberg;https://www.lpe.de/versicherungsmakler-15345-altlandsberg/;Versicherungsmakler Altlandsberg;;;;;;
15345;Bruchmühle;https://www.lpe.de/baufinanzierung-15345-bruchmuehle/;Baufinanzierung Bruchmühle;;;;;;
15345;Bruchmühle;https://www.lpe.de/versicherungsmakler-15345-bruchmuehle/;Versicherungsmakler Bruchmühle;;;;;;
15345;Garzau-Garzin;https://www.lpe.de/baufinanzierung-15345-garzau-garzin/;Baufinanzierung Garzau-Garzin;;;;;;
15345;Garzau-Garzin;https://www.lpe.de/versicherungsmakler-15345-garzau-garzin/;Versicherungsmakler Garzau-Garzin;;;;;;
15345;Heidekrug;https://www.lpe.de/baufinanzierung-15345-heidekrug/;Baufinanzierung Heidekrug;;;;;;
15345;Heidekrug;https://www.lpe.de/versicherungsmakler-15345-heidekrug/;Versicherungsmakler Heidekrug;;;;;;
15345;Lichtenow;https://www.lpe.de/baufinanzierung-15345-lichtenow/;Baufinanzierung Lichtenow;;;;;;
15345;Lichtenow;https://www.lpe.de/versicherungsmakler-15345-lichtenow/;Versicherungsmakler Lichtenow;;;;;;
15345;Rehfelde;https://www.lpe.de/baufinanzierung-15345-rehfelde/;Baufinanzierung Rehfelde;;;;;;
15345;Rehfelde;https://www.lpe.de/versicherungsmakler-15345-rehfelde/;Versicherungsmakler Rehfelde;;;;;;
15345;Wegendorf;https://www.lpe.de/baufinanzierung-15345-wegendorf/;Baufinanzierung Wegendorf;;;;;;
15345;Wegendorf;https://www.lpe.de/versicherungsmakler-15345-wegendorf/;Versicherungsmakler Wegendorf;;;;;;
15345;Werder;https://www.lpe.de/baufinanzierung-15345-werder/;Baufinanzierung Werder;;;;;;
15345;Werder;https://www.lpe.de/versicherungsmakler-15345-werder/;Versicherungsmakler Werder;;;;;;
15345;Zinndorf;https://www.lpe.de/baufinanzierung-15345-zinndorf/;Baufinanzierung Zinndorf;;;;;;
15345;Zinndorf;https://www.lpe.de/versicherungsmakler-15345-zinndorf/;Versicherungsmakler Zinndorf;;;;;;
15366;Birkenstein;https://www.lpe.de/baufinanzierung-15366-birkenstein/;Baufinanzierung Birkenstein;;;;;;
15366;Birkenstein;https://www.lpe.de/versicherungsmakler-15366-birkenstein/;Versicherungsmakler Birkenstein;;;;;;
15366;Hönow;https://www.lpe.de/baufinanzierung-15366-hoenow/;Baufinanzierung Hönow;;;;;;
15366;Hönow;https://www.lpe.de/versicherungsmakler-15366-hoenow/;Versicherungsmakler Hönow;;;;;;
15366;Hoppegarten;https://www.lpe.de/baufinanzierung-15366-hoppegarten/;Baufinanzierung Hoppegarten;;;;;;
15366;Hoppegarten;https://www.lpe.de/versicherungsmakler-15366-hoppegarten/;Versicherungsmakler Hoppegarten;;;;;;
15366;Münchehofe;https://www.lpe.de/baufinanzierung-15366-muenchehofe/;Baufinanzierung Münchehofe;;;;;;
15366;Münchehofe;https://www.lpe.de/versicherungsmakler-15366-muenchehofe/;Versicherungsmakler Münchehofe;;;;;;
15366;Neuenhagen bei Berlin;https://www.lpe.de/baufinanzierung-15366-neuenhagen-bei-berlin/;Baufinanzierung Neuenhagen bei Berlin;;;;;;
15366;Neuenhagen bei Berlin;https://www.lpe.de/versicherungsmakler-15366-neuenhagen-bei-berlin/;Versicherungsmakler Neuenhagen bei Berlin;;;;;;
15366;Waldesruh;https://www.lpe.de/baufinanzierung-15366-waldesruh/;Baufinanzierung Waldesruh;;;;;;
15366;Waldesruh;https://www.lpe.de/versicherungsmakler-15366-waldesruh/;Versicherungsmakler Waldesruh;;;;;;
15370;Fredersdorf-Vogelsdorf;https://www.lpe.de/baufinanzierung-15370-fredersdorf-vogelsdorf/;Baufinanzierung Fredersdorf-Vogelsdorf;;;;;;
15370;Fredersdorf-Vogelsdorf;https://www.lpe.de/versicherungsmakler-15370-fredersdorf-vogelsdorf/;Versicherungsmakler Fredersdorf-Vogelsdorf;;;;;;
15370;Petershagen-Eggersdorf;https://www.lpe.de/baufinanzierung-15370-petershagen-eggersdorf/;Baufinanzierung Petershagen-Eggersdorf;;;;;;
15370;Petershagen-Eggersdorf;https://www.lpe.de/versicherungsmakler-15370-petershagen-eggersdorf/;Versicherungsmakler Petershagen-Eggersdorf;;;;;;
15374;Müncheberg;https://www.lpe.de/baufinanzierung-15374-muencheberg/;Baufinanzierung Müncheberg;;;;;;
15374;Müncheberg;https://www.lpe.de/versicherungsmakler-15374-muencheberg/;Versicherungsmakler Müncheberg;;;;;;
15377;Buckow;https://www.lpe.de/baufinanzierung-15377-buckow/;Baufinanzierung Buckow;;;;;;
15377;Buckow;https://www.lpe.de/versicherungsmakler-15377-buckow/;Versicherungsmakler Buckow;;;;;;
15377;Waldsieversdorf;https://www.lpe.de/baufinanzierung-15377-waldsieversdorf/;Baufinanzierung Waldsieversdorf;;;;;;
15377;Waldsieversdorf;https://www.lpe.de/versicherungsmakler-15377-waldsieversdorf/;Versicherungsmakler Waldsieversdorf;;;;;;
15378;Hennickendorf;https://www.lpe.de/baufinanzierung-15378-hennickendorf/;Baufinanzierung Hennickendorf;;;;;;
15378;Hennickendorf;https://www.lpe.de/versicherungsmakler-15378-hennickendorf/;Versicherungsmakler Hennickendorf;;;;;;
15378;Herzfelde;https://www.lpe.de/baufinanzierung-15378-herzfelde/;Baufinanzierung Herzfelde;;;;;;
15378;Herzfelde;https://www.lpe.de/versicherungsmakler-15378-herzfelde/;Versicherungsmakler Herzfelde;;;;;;
15517;Fürstenwalde;https://www.lpe.de/baufinanzierung-15517-fuerstenwalde/;Baufinanzierung Fürstenwalde;;;;;;
15517;Fürstenwalde;https://www.lpe.de/versicherungsmakler-15517-fuerstenwalde/;Versicherungsmakler Fürstenwalde;;;;;;
15528;Hartmannsdorf;https://www.lpe.de/baufinanzierung-15528-hartmannsdorf/;Baufinanzierung Hartmannsdorf;;;;;;
15528;Hartmannsdorf;https://www.lpe.de/versicherungsmakler-15528-hartmannsdorf/;Versicherungsmakler Hartmannsdorf;;;;;;
15528;Spreenhagen;https://www.lpe.de/baufinanzierung-15528-spreenhagen/;Baufinanzierung Spreenhagen;;;;;;
15528;Spreenhagen;https://www.lpe.de/versicherungsmakler-15528-spreenhagen/;Versicherungsmakler Spreenhagen;;;;;;
15537;Alt Buchhorst;https://www.lpe.de/baufinanzierung-15537-alt-buchhorst/;Baufinanzierung Alt Buchhorst;;;;;;
15537;Alt Buchhorst;https://www.lpe.de/versicherungsmakler-15537-alt-buchhorst/;Versicherungsmakler Alt Buchhorst;;;;;;
15537;Burig;https://www.lpe.de/baufinanzierung-15537-burig/;Baufinanzierung Burig;;;;;;
15537;Burig;https://www.lpe.de/versicherungsmakler-15537-burig/;Versicherungsmakler Burig;;;;;;
15537;Erkner;https://www.lpe.de/baufinanzierung-15537-erkner/;Baufinanzierung Erkner;1;3;N;;46003;
15537;Erkner;https://www.lpe.de/versicherungsmakler-15537-erkner/;Versicherungsmakler Erkner;;;;;;
15537;Fangschleuse;https://www.lpe.de/baufinanzierung-15537-fangschleuse/;Baufinanzierung Fangschleuse;;;;;;
15537;Fangschleuse;https://www.lpe.de/versicherungsmakler-15537-fangschleuse/;Versicherungsmakler Fangschleuse;;;;;;
15537;Freienbrink;https://www.lpe.de/baufinanzierung-15537-freienbrink/;Baufinanzierung Freienbrink;;;;;;
15537;Freienbrink;https://www.lpe.de/versicherungsmakler-15537-freienbrink/;Versicherungsmakler Freienbrink;;;;;;
15537;Gosen;https://www.lpe.de/baufinanzierung-15537-gosen/;Baufinanzierung Gosen;;;;;;
15537;Gosen;https://www.lpe.de/versicherungsmakler-15537-gosen/;Versicherungsmakler Gosen;;;;;;
15537;Grünheide (Mark);https://www.lpe.de/baufinanzierung-15537-gruenheide/;Baufinanzierung Grünheide (Mark);;;;;;
15537;Grünheide (Mark);https://www.lpe.de/versicherungsmakler-15537-gruenheide/;Versicherungsmakler Grünheide (Mark);;;;;;
15537;Hangelsberg;https://www.lpe.de/baufinanzierung-15537-hangelsberg/;Baufinanzierung Hangelsberg;;;;;;
15537;Hangelsberg;https://www.lpe.de/versicherungsmakler-15537-hangelsberg/;Versicherungsmakler Hangelsberg;;;;;;
15537;Kagel;https://www.lpe.de/baufinanzierung-15537-kagel/;Baufinanzierung Kagel;;;;;;
15537;Kagel;https://www.lpe.de/versicherungsmakler-15537-kagel/;Versicherungsmakler Kagel;;;;;;
15537;Karutzhöhe;https://www.lpe.de/baufinanzierung-15537-karutzhoehe/;Baufinanzierung Karutzhöhe;;;;;;
15537;Karutzhöhe;https://www.lpe.de/versicherungsmakler-15537-karutzhoehe/;Versicherungsmakler Karutzhöhe;;;;;;
15537;Kienbaum;https://www.lpe.de/baufinanzierung-15537-kienbaum/;Baufinanzierung Kienbaum;;;;;;
15537;Kienbaum;https://www.lpe.de/versicherungsmakler-15537-kienbaum/;Versicherungsmakler Kienbaum;;;;;;
15537;Möllensee;https://www.lpe.de/baufinanzierung-15537-moellensee/;Baufinanzierung Möllensee;;;;;;
15537;Möllensee;https://www.lpe.de/versicherungsmakler-15537-moellensee/;Versicherungsmakler Möllensee;;;;;;
15537;Mönchwinkel;https://www.lpe.de/baufinanzierung-15537-moenchwinkel/;Baufinanzierung Mönchwinkel;;;;;;
15537;Mönchwinkel;https://www.lpe.de/versicherungsmakler-15537-moenchwinkel/;Versicherungsmakler Mönchwinkel;;;;;;
15537;Neu Zittau;https://www.lpe.de/baufinanzierung-15537-neu-zittau/;Baufinanzierung Neu Zittau;;;;;;
15537;Neu Zittau;https://www.lpe.de/versicherungsmakler-15537-neu-zittau/;Versicherungsmakler Neu Zittau;;;;;;
15537;Spreewerder;https://www.lpe.de/baufinanzierung-15537-spreewerder/;Baufinanzierung Spreewerder;;;;;;
15537;Spreewerder;https://www.lpe.de/versicherungsmakler-15537-spreewerder/;Versicherungsmakler Spreewerder;;;;;;
15562;Rüdersdorf bei Berlin;https://www.lpe.de/baufinanzierung-15562-ruedersdorf-bei-berlin/;Baufinanzierung Rüdersdorf bei Berlin;;;;;;
15562;Rüdersdorf bei Berlin;https://www.lpe.de/versicherungsmakler-15562-ruedersdorf-bei-berlin/;Versicherungsmakler Rüdersdorf bei Berlin;;;;;;
15566;Schöneiche bei Berlin;https://www.lpe.de/baufinanzierung-15566-schoeneiche-bei-berlin/;Baufinanzierung Schöneiche bei Berlin;;;;;;
15566;Schöneiche bei Berlin;https://www.lpe.de/versicherungsmakler-15566-schoeneiche-bei-berlin/;Versicherungsmakler Schöneiche bei Berlin;;;;;;
15569;Woltersdorf;https://www.lpe.de/baufinanzierung-15569-woltersdorf/;Baufinanzierung Woltersdorf;1;1;N;;45998;
15569;Woltersdorf;https://www.lpe.de/versicherungsmakler-15569-woltersdorf/;Versicherungsmakler Woltersdorf;;;;;;
15711;Diepensee;https://www.lpe.de/baufinanzierung-15711-diepensee/;Baufinanzierung Diepensee;;;;;;
15711;Diepensee;https://www.lpe.de/versicherungsmakler-15711-diepensee/;Versicherungsmakler Diepensee;;;;;;
15711;Königs Wusterhausen;https://www.lpe.de/baufinanzierung-15711-koenigs-wusterhausen/;Baufinanzierung Königs Wusterhausen;;;;;;
15711;Königs Wusterhausen;https://www.lpe.de/versicherungsmakler-15711-koenigs-wusterhausen/;Versicherungsmakler Königs Wusterhausen;;;;;;
15711;Zeesen;https://www.lpe.de/baufinanzierung-15711-zeesen/;Baufinanzierung Zeesen;;;;;;
15711;Zeesen;https://www.lpe.de/versicherungsmakler-15711-zeesen/;Versicherungsmakler Zeesen;;;;;;
15712;Kablow;https://www.lpe.de/baufinanzierung-15712-kablow/;Baufinanzierung Kablow;;;;;;
15712;Kablow;https://www.lpe.de/versicherungsmakler-15712-kablow/;Versicherungsmakler Kablow;;;;;;
15712;Zernsdorf;https://www.lpe.de/baufinanzierung-15712-zernsdorf/;Baufinanzierung Zernsdorf;;;;;;
15712;Zernsdorf;https://www.lpe.de/versicherungsmakler-15712-zernsdorf/;Versicherungsmakler Zernsdorf;;;;;;
15751;Niederlehme;https://www.lpe.de/baufinanzierung-15751-niederlehme/;Baufinanzierung Niederlehme;;;;;;
15751;Niederlehme;https://www.lpe.de/versicherungsmakler-15751-niederlehme/;Versicherungsmakler Niederlehme;;;;;;
15713;Wernsdorf;https://www.lpe.de/baufinanzierung-15713-wernsdorf/;Baufinanzierung Wernsdorf;;;;;;
15713;Wernsdorf;https://www.lpe.de/versicherungsmakler-15713-wernsdorf/;Versicherungsmakler Wernsdorf;;;;;;
15713;Ziegenhals;https://www.lpe.de/baufinanzierung-15713-ziegenhals/;Baufinanzierung Ziegenhals;;;;;;
15713;Ziegenhals;https://www.lpe.de/versicherungsmakler-15713-ziegenhals/;Versicherungsmakler Ziegenhals;;;;;;
15732;Eichwalde;https://www.lpe.de/baufinanzierung-15732-eichwalde/;Baufinanzierung Eichwalde;;;;;;
15732;Eichwalde;https://www.lpe.de/versicherungsmakler-15732-eichwalde/;Versicherungsmakler Eichwalde;;;;;;
15732;Schulzendorf;https://www.lpe.de/baufinanzierung-15732-schulzendorf/;Baufinanzierung Schulzendorf;;;;;;
15732;Schulzendorf;https://www.lpe.de/versicherungsmakler-15732-schulzendorf/;Versicherungsmakler Schulzendorf;;;;;;
15738;Zeuthen;https://www.lpe.de/baufinanzierung-15738-zeuthen/;Baufinanzierung Zeuthen;;;;;;
15738;Zeuthen;https://www.lpe.de/versicherungsmakler-15738-zeuthen/;Versicherungsmakler Zeuthen;;;;;;
15738;Zeuthen-Miersdorf;https://www.lpe.de/baufinanzierung-15738-zeuthen-miersdorf/;Baufinanzierung Zeuthen-Miersdorf;;;;;;
15738;Zeuthen-Miersdorf;https://www.lpe.de/versicherungsmakler-15738-zeuthen-miersdorf/;Versicherungsmakler Zeuthen-Miersdorf;;;;;;
15745;Wildau;https://www.lpe.de/baufinanzierung-15745-wildau/;Baufinanzierung Wildau;;;;;;
15745;Wildau;https://www.lpe.de/versicherungsmakler-15745-wildau/;Versicherungsmakler Wildau;;;;;;
15754;Friedersdorf;https://www.lpe.de/baufinanzierung-15754-friedersdorf/;Baufinanzierung Friedersdorf;;;;;;
15754;Friedersdorf;https://www.lpe.de/versicherungsmakler-15754-friedersdorf/;Versicherungsmakler Friedersdorf;;;;;;
15754;Friedrichshof;https://www.lpe.de/baufinanzierung-15754-friedrichshof/;Baufinanzierung Friedrichshof;;;;;;
15754;Friedrichshof;https://www.lpe.de/versicherungsmakler-15754-friedrichshof/;Versicherungsmakler Friedrichshof;;;;;;
16356;Ahrensfelde;https://www.lpe.de/baufinanzierung-16356-ahrensfelde/;Baufinanzierung Ahrensfelde;;;;;;
16356;Ahrensfelde;https://www.lpe.de/versicherungsmakler-16356-ahrensfelde/;Versicherungsmakler Ahrensfelde;;;;;;
16356;Blumberg;https://www.lpe.de/baufinanzierung-16356-blumberg/;Baufinanzierung Blumberg;;;;;;
16356;Blumberg;https://www.lpe.de/versicherungsmakler-16356-blumberg/;Versicherungsmakler Blumberg;;;;;;
16356;Löhme;https://www.lpe.de/baufinanzierung-16356-loehme/;Baufinanzierung Löhme;;;;;;
16356;Löhme;https://www.lpe.de/versicherungsmakler-16356-loehme/;Versicherungsmakler Löhme;;;;;;
16356;Mehrow;https://www.lpe.de/baufinanzierung-16356-mehrow/;Baufinanzierung Mehrow;;;;;;
16356;Mehrow;https://www.lpe.de/versicherungsmakler-16356-mehrow/;Versicherungsmakler Mehrow;;;;;;
16356;Seefeld;https://www.lpe.de/baufinanzierung-16356-seefeld/;Baufinanzierung Seefeld;;;;;;
16356;Seefeld;https://www.lpe.de/versicherungsmakler-16356-seefeld/;Versicherungsmakler Seefeld;;;;;;
16356;Werneuchen;https://www.lpe.de/baufinanzierung-16356-werneuchen/;Baufinanzierung Werneuchen;;;;;;
16356;Werneuchen;https://www.lpe.de/versicherungsmakler-16356-werneuchen/;Versicherungsmakler Werneuchen;;;;;;
;Berlin-Friedrichshagen;https://www.lpe.de/baufinanzierung-berlin-friedrichshagen/;Baufinanzierung Berlin-Friedrichshagen;;;;;;
;Berlin-Friedrichshagen;https://www.lpe.de/versicherungsmakler-berlin-friedrichshagen/;Versicherungsmakler Berlin-Friedrichshagen;;;;;;
;Berlin-Grünau;https://www.lpe.de/baufinanzierung-berlin-gruenau/;Baufinanzierung Berlin-Grünau;;;;;;
;Berlin-Grünau;https://www.lpe.de/versicherungsmakler-berlin-gruenau/;Versicherungsmakler Berlin-Grünau;;;;;;
;Berlin-Hellersdorf;https://www.lpe.de/baufinanzierung-berlin-hellersdorf/;Baufinanzierung Berlin-Hellersdorf;;;;;;
;Berlin-Hellersdorf;https://www.lpe.de/versicherungsmakler-berlin-hellersdorf/;Versicherungsmakler Berlin-Hellersdorf;;;;;;
;Berlin-Kaulsdorf;https://www.lpe.de/baufinanzierung-berlin-kaulsdorf/;Baufinanzierung Berlin-Kaulsdorf;;;;;;
;Berlin-Kaulsdorf;https://www.lpe.de/versicherungsmakler-berlin-kaulsdorf/;Versicherungsmakler Berlin-Kaulsdorf;;;;;;
;Berlin-Köpenick;https://www.lpe.de/baufinanzierung-berlin-koepenick/;Baufinanzierung Berlin-Köpenick;;;;;;
;Berlin-Köpenick;https://www.lpe.de/versicherungsmakler-berlin-koepenick/;Versicherungsmakler Berlin-Köpenick;;;;;;
;Berlin-Marzahn;https://www.lpe.de/baufinanzierung-berlin-marzahn/;Baufinanzierung Berlin-Marzahn;;;;;;
;Berlin-Marzahn;https://www.lpe.de/versicherungsmakler-berlin-marzahn/;Versicherungsmakler Berlin-Marzahn;;;;;;
15320;Neuhardenberg;https://www.lpe.de/baufinanzierung-15320-Neuhardenberg/;Baufinanzierung Neuhardenberg;;;;;;
15320;Neuhardenberg;https://www.lpe.de/versicherungsmakler-15320-Neuhardenberg/;Versicherungsmakler Neuhardenberg;;;;;;
15518;Heinersdorf;https://www.lpe.de/baufinanzierung-15518-Heinersdorf/;Baufinanzierung Heinersdorf;;;;;;
15518;Heinersdorf;https://www.lpe.de/versicherungsmakler-15518-Heinersdorf/;Versicherungsmakler Heinersdorf;;;;;;
15306;Vierlinden;https://www.lpe.de/baufinanzierung-15306-Vierlinden/;Baufinanzierung Vierlinden;;;;;;
15306;Vierlinden;https://www.lpe.de/versicherungsmakler-15306-Vierlinden/;Versicherungsmakler Vierlinden;;;;;;
15306;Seelow;https://www.lpe.de/baufinanzierung-15306-Seelow/;Baufinanzierung Seelow;;;;;;
15306;Seelow;https://www.lpe.de/versicherungsmakler-15306-Seelow/;Versicherungsmakler Seelow;;;;;;
15306;Falkenhagen (Mark);https://www.lpe.de/baufinanzierung-15306-Falkenhagen-Mark/;Baufinanzierung Falkenhagen (Mark);;;;;;
15306;Falkenhagen (Mark);https://www.lpe.de/versicherungsmakler-15306-Falkenhagen-Mark/;Versicherungsmakler Falkenhagen (Mark);;;;;;
15518;Steinhöfel;https://www.lpe.de/baufinanzierung-15518-Steinhoefel/;Baufinanzierung Steinhöfel;;;;;;
15518;Steinhöfel;https://www.lpe.de/versicherungsmakler-15518-Steinhoefel/;Versicherungsmakler Steinhöfel;;;;;;
15306;Lindendorf;https://www.lpe.de/baufinanzierung-15306-Lindendorf/;Baufinanzierung Lindendorf;;;;;;
15306;Lindendorf;https://www.lpe.de/versicherungsmakler-15306-Lindendorf/;Versicherungsmakler Lindendorf;;;;;;
15328;Küstriner Vorland;https://www.lpe.de/baufinanzierung-15328-Kuestriner-Vorland/;Baufinanzierung Küstriner Vorland;;;;;;
15328;Küstriner Vorland;https://www.lpe.de/versicherungsmakler-15328-Kuestriner-Vorland/;Versicherungsmakler Küstriner Vorland;;;;;;
15306;Gusow-Platkow;https://www.lpe.de/baufinanzierung-15306-Gusow-Platkow/;Baufinanzierung Gusow-Platkow;;;;;;
15306;Gusow-Platkow;https://www.lpe.de/versicherungsmakler-15306-Gusow-Platkow/;Versicherungsmakler Gusow-Platkow;;;;;;
15324;Letschin;https://www.lpe.de/baufinanzierung-15324-Letschin/;Baufinanzierung Letschin;;;;;;
15324;Letschin;https://www.lpe.de/versicherungsmakler-15324-Letschin/;Versicherungsmakler Letschin;;;;;;
15377;Märkische Höhe;https://www.lpe.de/baufinanzierung-15377-Maerkische-Hoehe/;Baufinanzierung Märkische Höhe;;;;;;
15377;Märkische Höhe;https://www.lpe.de/versicherungsmakler-15377-Maerkische-Hoehe/;Versicherungsmakler Märkische Höhe;;;;;;
15345;Prötzel;https://www.lpe.de/baufinanzierung-15345-Proetzel/;Baufinanzierung Prötzel;;;;;;
15345;Prötzel;https://www.lpe.de/versicherungsmakler-15345-Proetzel/;Versicherungsmakler Prötzel;;;;;;